                  epoch,         train/box_loss,         train/cls_loss,         train/dfl_loss,   metrics/precision(B),      metrics/recall(B),       metrics/mAP50(B),    metrics/mAP50-95(B),           val/box_loss,           val/cls_loss,           val/dfl_loss,                 lr/pg0,                 lr/pg1,                 lr/pg2
                      1,                 1.4597,                 3.1674,                 1.8305,                 0.5246,                0.22984,                0.19062,                0.08097,                 1.9432,                 5.9286,                 2.8333,              0.0003657,              0.0003657,              0.0003657
                      2,                 1.6979,                  2.859,                 1.9942,                0.06173,                0.09664,                0.02086,                 0.0056,                 2.5194,                 7.2452,                 3.5006,             0.00073239,             0.00073239,             0.00073239
                      3,                 1.8097,                 2.9745,                 2.1127,                0.25223,                 0.0406,                0.01524,                0.00392,                 2.9553,                 8.3869,                 3.7134,              0.0010954,              0.0010954,              0.0010954
                      4,                 1.8084,                 3.0044,                 2.1092,                0.53958,                0.08214,                0.08265,                0.02465,                 2.4198,                 5.2263,                 3.1766,              0.0010945,              0.0010945,              0.0010945
                      5,                  1.792,                 2.9056,                  2.052,                0.07658,                0.09953,                0.03092,                0.00828,                 2.7578,                 4.0915,                 3.2748,               0.001089,               0.001089,               0.001089
                      6,                 1.7066,                 2.7236,                 1.9807,                0.41059,                0.18155,                0.17333,                0.08503,                 2.1059,                 3.6756,                 2.7218,              0.0010835,              0.0010835,              0.0010835
                      7,                 1.7059,                 2.7726,                 2.0089,                0.16114,                0.29744,                 0.2008,                0.06367,                 2.1933,                 3.0351,                 2.7215,               0.001078,               0.001078,               0.001078
                      8,                 1.6582,                 2.7288,                 1.9583,                0.52684,                0.26629,                0.24901,                0.13159,                 2.0783,                 2.8845,                 2.6895,              0.0010725,              0.0010725,              0.0010725
                      9,                 1.6385,                 2.6299,                 1.9513,                0.66464,                0.26019,                0.29663,                0.13768,                 1.9697,                 2.7137,                 2.5323,               0.001067,               0.001067,               0.001067
                     10,                  1.604,                  2.579,                 1.9055,                0.67664,                0.27786,                0.28719,                0.12852,                 1.8816,                 2.8233,                 2.4201,              0.0010615,              0.0010615,              0.0010615
                     11,                 1.5935,                 2.5478,                 1.9102,                  0.325,                0.37267,                0.30827,                0.15648,                 1.8577,                 2.3961,                 2.4364,               0.001056,               0.001056,               0.001056
                     12,                 1.5565,                 2.4347,                 1.8414,                 0.8077,                0.33823,                0.42865,                0.21185,                  1.882,                  2.122,                  2.373,              0.0010505,              0.0010505,              0.0010505
                     13,                 1.5393,                 2.4062,                 1.8515,                0.37921,                0.46626,                0.41353,                0.21702,                 1.7604,                 2.1817,                 2.2902,               0.001045,               0.001045,               0.001045
                     14,                 1.4681,                 2.3407,                  1.794,                0.46621,                0.37267,                0.36055,                0.17889,                 1.8565,                 2.3058,                 2.3718,              0.0010395,              0.0010395,              0.0010395
                     15,                 1.5099,                 2.3338,                 1.8064,                 0.7383,                0.34362,                0.41198,                0.23582,                  1.754,                 2.1018,                 2.2624,               0.001034,               0.001034,               0.001034
                     16,                 1.4365,                 2.2723,                 1.7779,                0.40137,                0.44192,                0.43156,                0.22337,                 1.7201,                 2.0928,                 2.2199,              0.0010285,              0.0010285,              0.0010285
                     17,                 1.4553,                 2.2797,                 1.7774,                0.43055,                0.47728,                0.44013,                0.23225,                 1.7457,                 1.9238,                 2.2132,               0.001023,               0.001023,               0.001023
                     18,                 1.4585,                 2.2491,                 1.7763,                  0.651,                0.35135,                0.41607,                0.19457,                 1.7958,                 2.1091,                 2.3089,              0.0010175,              0.0010175,              0.0010175
                     19,                  1.433,                 2.1955,                 1.7731,                0.43383,                0.39941,                0.40293,                0.21015,                 1.7677,                 2.1541,                 2.2491,               0.001012,               0.001012,               0.001012
                     20,                  1.409,                 2.1737,                 1.7506,                0.51418,                0.49048,                0.50585,                0.24904,                 1.8148,                 1.9738,                 2.2514,              0.0010065,              0.0010065,              0.0010065
                     21,                  1.426,                 2.1846,                 1.7555,                0.56968,                0.43979,                0.51101,                0.27265,                 1.7578,                 1.8836,                 2.2207,               0.001001,               0.001001,               0.001001
                     22,                 1.4334,                 2.1251,                 1.7562,                0.54157,                0.48138,                0.46862,                0.26206,                 1.6729,                 2.0707,                 2.1573,             0.00099551,             0.00099551,             0.00099551
                     23,                 1.3667,                 2.0518,                 1.7167,                0.43255,                0.53294,                 0.4717,                0.24653,                 1.6908,                 1.9006,                 2.1512,             0.00099001,             0.00099001,             0.00099001
                     24,                 1.3799,                 2.0119,                  1.728,                0.50258,                0.58068,                0.52707,                0.28102,                  1.731,                 1.8468,                 2.1651,             0.00098451,             0.00098451,             0.00098451
                     25,                 1.3915,                 2.0564,                  1.729,                0.54253,                 0.5501,                 0.5345,                0.29983,                 1.6464,                 1.7973,                  2.086,             0.00097901,             0.00097901,             0.00097901
                     26,                 1.3717,                  2.027,                  1.727,                0.52023,                0.45938,                0.50677,                0.28911,                 1.6311,                 1.9276,                 2.1151,             0.00097351,             0.00097351,             0.00097351
                     27,                 1.3924,                 2.0659,                 1.7108,                0.68613,                0.38283,                0.46042,                0.25123,                 1.6713,                 1.9258,                 2.1644,             0.00096801,             0.00096801,             0.00096801
                     28,                 1.3156,                 1.9267,                 1.6806,                0.67324,                0.41011,                0.51322,                0.28144,                 1.6556,                 1.7929,                 2.1362,             0.00096251,             0.00096251,             0.00096251
                     29,                  1.325,                 1.9168,                 1.6747,                0.51357,                0.54865,                0.52656,                0.28043,                 1.7126,                 1.8011,                 2.1374,             0.00095702,             0.00095702,             0.00095702
                     30,                 1.3164,                 1.9057,                 1.6633,                0.62552,                0.54827,                0.57416,                0.32632,                 1.5861,                 1.6797,                 2.0333,             0.00095152,             0.00095152,             0.00095152
                     31,                 1.3261,                 1.9267,                 1.6622,                0.55462,                0.58299,                0.59673,                 0.3328,                  1.613,                 1.5937,                 2.0958,             0.00094602,             0.00094602,             0.00094602
                     32,                 1.3462,                 1.9029,                 1.6744,                0.46525,                0.57197,                 0.5286,                0.30204,                 1.5616,                 1.6873,                 2.0218,             0.00094052,             0.00094052,             0.00094052
                     33,                  1.337,                 1.9053,                 1.6762,                0.49564,                0.54324,                 0.5209,                0.27874,                 1.6562,                  1.785,                 2.1186,             0.00093502,             0.00093502,             0.00093502
                     34,                 1.3146,                   1.87,                 1.6542,                0.54641,                0.57094,                0.55745,                0.29524,                 1.7661,                 1.7115,                 2.2635,             0.00092952,             0.00092952,             0.00092952
                     35,                  1.305,                 1.8223,                 1.6516,                0.56793,                0.56067,                0.59105,                0.32102,                 1.5636,                 1.6356,                 2.0645,             0.00092402,             0.00092402,             0.00092402
                     36,                 1.2784,                 1.7862,                 1.6418,                0.58217,                0.55926,                 0.6218,                  0.334,                 1.5948,                 1.5551,                 2.0796,             0.00091852,             0.00091852,             0.00091852
                     37,                 1.2993,                 1.8035,                 1.6478,                0.65038,                0.55703,                0.61087,                0.35254,                 1.5236,                 1.5658,                 1.9539,             0.00091302,             0.00091302,             0.00091302
                     38,                 1.2952,                 1.7599,                 1.6364,                0.58821,                0.54901,                0.58794,                0.31579,                 1.6145,                 1.6344,                 2.0943,             0.00090752,             0.00090752,             0.00090752
                     39,                 1.2529,                 1.7174,                 1.6099,                0.54172,                0.56503,                  0.568,                0.33735,                   1.51,                 1.5389,                 2.0345,             0.00090202,             0.00090202,             0.00090202
                     40,                 1.2268,                 1.7294,                 1.5955,                0.55158,                0.55853,                0.58685,                0.34396,                 1.5074,                 1.5793,                 2.0114,             0.00089652,             0.00089652,             0.00089652
                     41,                 1.2619,                 1.6878,                 1.6148,                0.69329,                0.57256,                 0.6383,                0.37206,                 1.4894,                 1.5413,                  1.984,             0.00089102,             0.00089102,             0.00089102
                     42,                 1.2187,                 1.6609,                 1.5831,                0.68927,                0.52402,                0.62096,                0.35546,                 1.5677,                 1.5272,                 2.0225,             0.00088552,             0.00088552,             0.00088552
                     43,                 1.2473,                 1.6735,                 1.5979,                0.74975,                0.60666,                0.66497,                0.36884,                 1.5803,                   1.45,                 2.0802,             0.00088002,             0.00088002,             0.00088002
                     44,                 1.2211,                 1.6696,                 1.5764,                 0.7241,                0.58333,                0.65537,                0.36771,                 1.5659,                 1.5258,                 2.0378,             0.00087452,             0.00087452,             0.00087452
                     45,                 1.2308,                 1.6958,                 1.6055,                0.75107,                0.61083,                0.66423,                0.39598,                 1.5056,                 1.3453,                 1.9817,             0.00086902,             0.00086902,             0.00086902
                     46,                 1.2199,                  1.623,                 1.5901,                0.71749,                0.60555,                0.62922,                0.37813,                 1.4573,                 1.4477,                  1.921,             0.00086352,             0.00086352,             0.00086352
                     47,                  1.177,                 1.5858,                 1.5579,                0.62715,                0.62847,                0.63075,                0.36736,                 1.4877,                 1.4516,                 1.9802,             0.00085803,             0.00085803,             0.00085803
                     48,                 1.2179,                 1.5905,                  1.578,                0.67024,                0.60231,                0.63215,                0.36338,                 1.5219,                 1.5171,                 2.0022,             0.00085253,             0.00085253,             0.00085253
                     49,                 1.2198,                 1.6241,                  1.574,                0.80985,                0.60042,                0.68141,                0.38557,                 1.5087,                 1.4256,                 1.9824,             0.00084703,             0.00084703,             0.00084703
                     50,                 1.1721,                 1.5582,                 1.5449,                0.77626,                0.60538,                  0.706,                0.40493,                 1.5088,                 1.3242,                 2.0025,             0.00084153,             0.00084153,             0.00084153
                     51,                 1.1615,                 1.5014,                 1.5271,                0.64146,                0.64123,                0.67463,                0.38083,                 1.5416,                 1.4441,                 2.0014,             0.00083603,             0.00083603,             0.00083603
                     52,                 1.1942,                 1.5136,                 1.5635,                0.67224,                0.60464,                0.64022,                0.37597,                 1.5374,                 1.4637,                 2.0202,             0.00083053,             0.00083053,             0.00083053
                     53,                 1.1881,                 1.5583,                 1.5667,                0.74591,                0.63339,                0.68373,                0.38777,                  1.507,                 1.3896,                 1.9843,             0.00082503,             0.00082503,             0.00082503
                     54,                 1.1459,                 1.4741,                 1.5234,                 0.6303,                0.58222,                0.63617,                0.38152,                 1.4973,                 1.4328,                 1.9613,             0.00081953,             0.00081953,             0.00081953
                     55,                 1.1904,                 1.5185,                 1.5409,                0.78043,                0.61944,                0.70009,                0.41618,                 1.4555,                  1.373,                 1.9305,             0.00081403,             0.00081403,             0.00081403
                     56,                 1.1408,                 1.4915,                 1.5235,                0.69787,                0.65877,                0.67959,                0.40748,                 1.5049,                 1.3275,                  1.958,             0.00080853,             0.00080853,             0.00080853
                     57,                 1.1696,                  1.452,                 1.5354,                0.77245,                0.55047,                0.61789,                0.37099,                 1.5284,                 1.4829,                 2.0013,             0.00080303,             0.00080303,             0.00080303
                     58,                 1.1573,                 1.4767,                 1.5149,                0.78748,                0.55801,                0.63692,                0.38031,                 1.4783,                 1.4173,                 1.9822,             0.00079753,             0.00079753,             0.00079753
                     59,                 1.1174,                 1.3665,                   1.48,                 0.6664,                0.63424,                0.65714,                0.38959,                 1.4995,                 1.3838,                 1.9572,             0.00079203,             0.00079203,             0.00079203
                     60,                 1.1258,                 1.4284,                 1.4981,                0.72255,                0.62456,                0.66193,                0.39493,                 1.4584,                  1.427,                 1.9505,             0.00078653,             0.00078653,             0.00078653
                     61,                 1.1536,                 1.4275,                 1.5141,                0.70383,                0.58993,                0.63285,                 0.3722,                 1.4505,                 1.4011,                 1.9387,             0.00078103,             0.00078103,             0.00078103
                     62,                 1.1258,                 1.4148,                 1.4961,                0.67968,                0.61568,                0.64554,                0.39312,                 1.4531,                 1.4366,                 1.9286,             0.00077553,             0.00077553,             0.00077553
                     63,                 1.1011,                 1.4169,                 1.4887,                0.64636,                0.60483,                0.64224,                 0.3783,                 1.4862,                 1.3927,                 1.9763,             0.00077003,             0.00077003,             0.00077003
                     64,                 1.1215,                 1.4281,                  1.493,                0.72264,                0.65356,                0.68145,                0.38395,                 1.5726,                 1.3203,                 2.0175,             0.00076453,             0.00076453,             0.00076453
                     65,                  1.107,                 1.3672,                  1.478,                0.82244,                 0.6117,                0.68758,                0.39654,                 1.4675,                 1.3253,                 1.9539,             0.00075904,             0.00075904,             0.00075904
                     66,                 1.0609,                 1.3628,                 1.4667,                0.78885,                0.63753,                0.72524,                0.43116,                 1.4164,                 1.2888,                  1.897,             0.00075354,             0.00075354,             0.00075354
                     67,                  1.099,                 1.3716,                 1.4862,                0.75608,                0.57061,                0.67803,                0.39688,                 1.4431,                 1.3599,                 1.9255,             0.00074804,             0.00074804,             0.00074804
                     68,                 1.1035,                 1.3534,                 1.4771,                0.76532,                0.61187,                0.67428,                0.41147,                 1.4736,                 1.3332,                  1.966,             0.00074254,             0.00074254,             0.00074254
                     69,                 1.0811,                 1.3478,                 1.4585,                0.80442,                0.55448,                0.65146,                0.40244,                  1.479,                 1.3903,                 1.9744,             0.00073704,             0.00073704,             0.00073704
                     70,                 1.0732,                 1.2864,                  1.468,                0.71784,                0.66818,                0.67208,                0.40182,                 1.4611,                 1.2992,                 1.9195,             0.00073154,             0.00073154,             0.00073154
                     71,                 1.0909,                 1.3393,                 1.4606,                 0.8854,                0.63438,                0.73525,                0.43807,                 1.4759,                 1.2227,                 1.9805,             0.00072604,             0.00072604,             0.00072604
                     72,                 1.0716,                 1.2904,                 1.4573,                0.75547,                0.64803,                0.69143,                0.41843,                 1.4568,                 1.3289,                 1.9668,             0.00072054,             0.00072054,             0.00072054
                     73,                 1.0836,                 1.2856,                 1.4802,                 0.6093,                 0.6506,                0.64104,                0.39168,                  1.483,                 1.3745,                 1.9997,             0.00071504,             0.00071504,             0.00071504
                     74,                 1.0732,                 1.2787,                 1.4711,                0.73564,                0.66089,                0.71865,                0.42069,                 1.4704,                 1.3095,                 1.9402,             0.00070954,             0.00070954,             0.00070954
                     75,                 1.0601,                 1.2546,                 1.4543,                0.80701,                0.59976,                0.69852,                0.43376,                 1.4057,                  1.266,                 1.8854,             0.00070404,             0.00070404,             0.00070404
                     76,                 1.0429,                 1.2305,                 1.4241,                0.73487,                0.61791,                0.66456,                0.41241,                 1.4406,                 1.3372,                 1.8977,             0.00069854,             0.00069854,             0.00069854
                     77,                 1.0495,                 1.2425,                   1.45,                0.73942,                0.64428,                0.68277,                 0.4267,                 1.4427,                 1.3079,                 1.9145,             0.00069304,             0.00069304,             0.00069304
                     78,                 1.0442,                 1.2178,                 1.4363,                0.71087,                0.61325,                0.68858,                0.41095,                 1.4616,                 1.3485,                 1.9745,             0.00068754,             0.00068754,             0.00068754
                     79,                0.99624,                 1.2189,                 1.4007,                0.77969,                0.61005,                0.70269,                0.40588,                 1.4742,                 1.2384,                 1.9872,             0.00068204,             0.00068204,             0.00068204
                     80,                 1.0136,                 1.1611,                 1.4211,                0.80604,                0.59233,                0.69463,                0.43267,                 1.4351,                 1.2365,                 1.8987,             0.00067654,             0.00067654,             0.00067654
                     81,                  1.021,                 1.2408,                 1.4245,                0.81011,                0.61169,                 0.6935,                0.44168,                 1.3926,                 1.2474,                 1.9067,             0.00067104,             0.00067104,             0.00067104
                     82,                 1.0023,                 1.2051,                 1.4137,                0.82233,                0.61476,                0.72044,                0.43195,                 1.3957,                 1.2663,                 1.8895,             0.00066554,             0.00066554,             0.00066554
                     83,                0.99723,                 1.1878,                 1.3998,                0.78517,                0.64122,                0.71641,                0.43253,                 1.4613,                 1.2489,                 1.9452,             0.00066005,             0.00066005,             0.00066005
                     84,                 1.0066,                 1.1877,                 1.4204,                0.73778,                0.68927,                0.71154,                0.44335,                 1.4234,                 1.1743,                 1.9285,             0.00065455,             0.00065455,             0.00065455
                     85,                 1.0089,                 1.1709,                 1.4149,                0.76451,                  0.641,                0.69327,                0.42733,                 1.3998,                  1.226,                 1.9053,             0.00064905,             0.00064905,             0.00064905
                     86,                0.98537,                 1.1256,                 1.3994,                 0.7396,                0.62703,                0.68559,                0.42019,                 1.4982,                 1.2348,                 2.0529,             0.00064355,             0.00064355,             0.00064355
                     87,                0.97976,                 1.1252,                 1.3994,                0.77468,                0.64674,                0.70099,                0.43276,                 1.4329,                  1.247,                 1.9345,             0.00063805,             0.00063805,             0.00063805
                     88,                0.98378,                 1.1347,                 1.3804,                0.78045,                0.63443,                0.70068,                0.42018,                 1.4565,                 1.2201,                 1.9469,             0.00063255,             0.00063255,             0.00063255
                     89,                 0.9736,                  1.101,                  1.388,                0.76633,                0.67151,                 0.7173,                0.40874,                 1.4752,                 1.2432,                 1.9899,             0.00062705,             0.00062705,             0.00062705
                     90,                0.97229,                 1.0984,                 1.3808,                 0.7851,                0.60692,                0.68447,                0.40614,                 1.4921,                 1.3078,                 1.9704,             0.00062155,             0.00062155,             0.00062155
                     91,                0.96923,                 1.0995,                 1.3845,                0.73621,                0.58682,                0.67733,                0.40903,                 1.4688,                 1.3315,                 1.9754,             0.00061605,             0.00061605,             0.00061605
                     92,                 0.9451,                  1.104,                 1.3672,                0.80292,                 0.5929,                0.71583,                0.42312,                 1.3949,                 1.3288,                  1.925,             0.00061055,             0.00061055,             0.00061055
                     93,                0.97159,                 1.1063,                 1.3908,                0.71006,                0.60868,                0.68807,                0.42692,                  1.419,                 1.3193,                 1.9138,             0.00060505,             0.00060505,             0.00060505
                     94,                0.96625,                 1.1053,                 1.3937,                0.80596,                 0.6147,                0.68076,                0.41921,                 1.4902,                 1.2903,                  2.022,             0.00059955,             0.00059955,             0.00059955
                     95,                0.96401,                 1.0569,                 1.3676,                0.65748,                0.66223,                0.66146,                0.40928,                 1.4247,                 1.2508,                  1.946,             0.00059405,             0.00059405,             0.00059405
                     96,                0.95484,                 1.0639,                 1.3667,                0.80441,                0.62354,                0.70111,                0.44959,                 1.4299,                  1.218,                 1.9454,             0.00058855,             0.00058855,             0.00058855
                     97,                0.95232,                 1.0743,                 1.3594,                 0.6961,                0.69902,                0.70698,                0.45135,                 1.4062,                 1.1615,                 1.9253,             0.00058305,             0.00058305,             0.00058305
                     98,                0.91062,                 1.0109,                 1.3328,                  0.794,                0.60681,                0.68608,                0.44765,                 1.4128,                 1.2876,                 1.9357,             0.00057755,             0.00057755,             0.00057755
                     99,                0.93294,                 1.0379,                 1.3645,                0.74221,                0.64438,                0.70627,                0.46114,                 1.3829,                  1.161,                 1.9293,             0.00057205,             0.00057205,             0.00057205
                    100,                0.91413,                 1.0339,                 1.3278,                 0.8597,                0.58304,                0.68915,                0.43737,                 1.4644,                 1.2383,                 1.9928,             0.00056655,             0.00056655,             0.00056655
                    101,                0.92678,                 1.0411,                 1.3582,                0.65125,                0.67601,                0.69542,                0.44816,                 1.3786,                 1.1888,                 1.9286,             0.00056105,             0.00056105,             0.00056105
                    102,                0.88601,                 0.9845,                 1.3291,                0.82801,                0.58569,                 0.6996,                0.45198,                 1.4218,                 1.2154,                 1.9705,             0.00055556,             0.00055556,             0.00055556
                    103,                0.92788,                 1.0415,                 1.3485,                0.76163,                0.63465,                0.69702,                 0.4505,                 1.4065,                 1.2541,                 1.9165,             0.00055006,             0.00055006,             0.00055006
                    104,                0.89417,                0.98308,                 1.3164,                0.77608,                0.65596,                0.71855,                0.47175,                 1.3984,                 1.1663,                 1.9217,             0.00054456,             0.00054456,             0.00054456
                    105,                0.88028,                0.98982,                 1.3102,                0.75825,                0.66374,                0.70934,                0.45647,                  1.423,                  1.246,                 1.9269,             0.00053906,             0.00053906,             0.00053906
                    106,                0.90248,                0.99381,                 1.3308,                0.74133,                0.66701,                0.70574,                0.46179,                 1.3871,                 1.1991,                 1.9518,             0.00053356,             0.00053356,             0.00053356
                    107,                0.89493,                0.95064,                 1.3214,                0.81142,                0.65311,                0.71234,                0.46787,                 1.4001,                 1.1682,                 1.9046,             0.00052806,             0.00052806,             0.00052806
                    108,                 0.8789,                0.97279,                 1.3048,                0.79765,                0.62709,                0.71782,                0.46127,                 1.3496,                 1.2323,                  1.872,             0.00052256,             0.00052256,             0.00052256
                    109,                0.89573,                   1.01,                 1.3226,                0.74904,                0.68813,                 0.7331,                0.45306,                 1.3822,                 1.1807,                  1.899,             0.00051706,             0.00051706,             0.00051706
                    110,                0.87133,                0.99198,                 1.3108,                0.83071,                0.67948,                0.76283,                 0.4803,                 1.3653,                 1.1235,                 1.8856,             0.00051156,             0.00051156,             0.00051156
                    111,                0.89231,                0.97953,                 1.3213,                 0.7959,                0.64467,                0.72166,                0.46162,                  1.378,                 1.1926,                 1.9171,             0.00050606,             0.00050606,             0.00050606
                    112,                0.88708,                0.96889,                  1.318,                0.79518,                0.65552,                0.72108,                0.46593,                 1.3516,                 1.2289,                 1.8872,             0.00050056,             0.00050056,             0.00050056
                    113,                0.87257,                0.99502,                  1.304,                0.85157,                0.61569,                0.69941,                 0.4482,                 1.3661,                 1.2328,                 1.9035,             0.00049506,             0.00049506,             0.00049506
                    114,                0.87325,                 0.9187,                 1.2976,                0.82099,                0.68096,                0.71392,                0.46482,                 1.3566,                 1.1462,                 1.8736,             0.00048956,             0.00048956,             0.00048956
                    115,                0.87615,                0.96738,                  1.313,                0.74976,                0.68023,                0.72634,                0.45851,                 1.3957,                 1.1448,                 1.9126,             0.00048406,             0.00048406,             0.00048406
                    116,                0.81533,                0.90641,                 1.2801,                0.74735,                0.65871,                0.71795,                0.45221,                 1.3704,                  1.181,                 1.9568,             0.00047856,             0.00047856,             0.00047856
                    117,                 0.8612,                0.96628,                 1.3081,                0.81814,                0.63783,                0.73206,                0.46684,                 1.3895,                 1.1961,                 1.9351,             0.00047306,             0.00047306,             0.00047306
                    118,                0.86255,                0.93597,                 1.2986,                0.73614,                0.70383,                0.73155,                0.46439,                 1.4001,                 1.2422,                 1.9811,             0.00046756,             0.00046756,             0.00046756
                    119,                0.83491,                0.92874,                 1.2848,                0.81862,                0.60827,                0.71143,                0.45919,                 1.4366,                 1.2595,                 1.9917,             0.00046206,             0.00046206,             0.00046206
                    120,                0.82002,                0.87885,                  1.275,                0.77486,                0.64333,                0.70887,                0.46181,                 1.4287,                 1.2548,                 2.0136,             0.00045657,             0.00045657,             0.00045657
                    121,                0.83382,                0.88953,                 1.2727,                0.80531,                0.60402,                0.70607,                0.45569,                 1.4338,                  1.176,                 1.9883,             0.00045107,             0.00045107,             0.00045107
                    122,                0.85332,                0.93182,                 1.2919,                0.75053,                  0.678,                0.70818,                0.44875,                  1.398,                 1.2078,                 1.9453,             0.00044557,             0.00044557,             0.00044557
                    123,                0.83901,                0.92659,                 1.2826,                0.74235,                0.66286,                0.72537,                0.44361,                 1.4297,                 1.2927,                 1.9583,             0.00044007,             0.00044007,             0.00044007
                    124,                0.81588,                 0.8984,                 1.2782,                0.78264,                0.66436,                0.73073,                0.44537,                 1.4745,                 1.2357,                 2.0204,             0.00043457,             0.00043457,             0.00043457
                    125,                0.84124,                0.90364,                 1.2856,                0.78119,                0.63466,                0.72329,                0.46459,                 1.4111,                  1.247,                 1.9932,             0.00042907,             0.00042907,             0.00042907
                    126,                0.81495,                0.87565,                 1.2664,                0.70132,                0.66993,                0.73314,                0.47957,                 1.3521,                 1.1596,                 1.9212,             0.00042357,             0.00042357,             0.00042357
                    127,                0.81257,                0.87024,                 1.2696,                0.76941,                0.66299,                 0.7231,                0.45929,                 1.3975,                 1.2992,                 1.9734,             0.00041807,             0.00041807,             0.00041807
                    128,                0.79202,                0.84654,                 1.2607,                0.79002,                0.65009,                0.71511,                0.45501,                 1.4695,                  1.243,                 2.0627,             0.00041257,             0.00041257,             0.00041257
                    129,                0.79175,                 0.8644,                 1.2511,                0.83592,                0.61812,                0.70844,                0.45201,                 1.4459,                 1.2183,                 2.0112,             0.00040707,             0.00040707,             0.00040707
                    130,                0.77482,                0.83407,                 1.2424,                0.83773,                0.66662,                 0.7437,                0.46918,                 1.4089,                 1.1533,                 1.9884,             0.00040157,             0.00040157,             0.00040157
                    131,                0.79118,                0.83679,                 1.2462,                0.80321,                0.64828,                 0.7042,                0.46008,                 1.4446,                 1.2208,                 2.0278,             0.00039607,             0.00039607,             0.00039607
                    132,                0.77773,                0.82143,                 1.2411,                0.82085,                0.64398,                0.72356,                0.46289,                 1.4333,                 1.1969,                   2.02,             0.00039057,             0.00039057,             0.00039057
                    133,                0.78006,                0.82225,                 1.2314,                0.83011,                0.62289,                0.70563,                0.46065,                 1.4022,                 1.1998,                  1.999,             0.00038507,             0.00038507,             0.00038507
                    134,                0.78151,                0.85684,                  1.251,                0.77773,                0.68213,                 0.7122,                0.45071,                 1.4179,                  1.222,                 1.9997,             0.00037957,             0.00037957,             0.00037957
                    135,                 0.7742,                0.82855,                 1.2413,                0.82612,                0.64696,                0.71262,                0.45268,                 1.4038,                 1.1992,                 1.9979,             0.00037407,             0.00037407,             0.00037407
                    136,                0.77685,                0.79775,                 1.2361,                0.78689,                 0.7046,                0.73176,                0.47123,                 1.3575,                 1.2105,                 1.9452,             0.00036857,             0.00036857,             0.00036857
                    137,                0.73767,                 0.7752,                 1.2098,                0.77676,                0.66699,                0.72254,                0.46325,                 1.3848,                 1.2081,                 1.9932,             0.00036307,             0.00036307,             0.00036307
                    138,                 0.7426,                0.79454,                 1.2161,                0.78234,                0.66812,                0.73324,                0.46882,                 1.3744,                 1.2719,                 1.9413,             0.00035758,             0.00035758,             0.00035758
                    139,                0.74525,                0.79024,                 1.2051,                0.83678,                0.63183,                0.72851,                 0.4756,                 1.3255,                 1.1877,                 1.9362,             0.00035208,             0.00035208,             0.00035208
                    140,                 0.7568,                0.79516,                 1.2213,                0.80675,                 0.6548,                0.72057,                0.47569,                 1.3674,                 1.1525,                 1.9686,             0.00034658,             0.00034658,             0.00034658
                    141,                0.74307,                0.74341,                 1.2143,                0.81212,                0.63681,                0.71634,                0.47431,                 1.4035,                 1.1832,                 1.9827,             0.00034108,             0.00034108,             0.00034108
                    142,                 0.7375,                0.78278,                 1.2189,                 0.8281,                0.61485,                0.71341,                0.46844,                 1.4073,                  1.184,                 2.0348,             0.00033558,             0.00033558,             0.00033558
                    143,                 0.7465,                0.78997,                 1.2148,                0.75091,                0.69404,                0.71469,                0.45313,                 1.4323,                 1.1518,                 2.0501,             0.00033008,             0.00033008,             0.00033008
                    144,                0.74445,                0.77614,                 1.2271,                0.77565,                0.64906,                 0.7127,                0.46723,                 1.3834,                 1.1629,                 1.9979,             0.00032458,             0.00032458,             0.00032458
                    145,                0.72329,                0.75404,                 1.2037,                0.81045,                0.63746,                0.71093,                  0.475,                 1.4194,                 1.1293,                 2.0341,             0.00031908,             0.00031908,             0.00031908
                    146,                0.73132,                 0.7616,                 1.2094,                0.71278,                 0.6691,                0.71397,                0.46401,                 1.4259,                 1.1981,                 2.0383,             0.00031358,             0.00031358,             0.00031358
                    147,                0.72266,                0.73884,                 1.2046,                0.84484,                0.60783,                 0.7164,                0.46408,                  1.434,                 1.2196,                 2.0741,             0.00030808,             0.00030808,             0.00030808
                    148,                0.72322,                0.75611,                 1.2021,                0.73325,                0.69368,                0.71055,                0.46447,                  1.402,                 1.2402,                 2.0438,             0.00030258,             0.00030258,             0.00030258
                    149,                0.71169,                0.74757,                 1.2032,                0.76096,                0.68627,                0.70927,                0.46967,                 1.3801,                 1.2107,                 1.9544,             0.00029708,             0.00029708,             0.00029708
                    150,                0.70077,                0.70852,                 1.1815,                0.76806,                0.63791,                0.69772,                0.46254,                 1.4008,                 1.2133,                  1.966,             0.00029158,             0.00029158,             0.00029158
                    151,                0.70508,                0.73108,                 1.1867,                0.74219,                0.69116,                0.71999,                0.46054,                 1.3806,                 1.1783,                  2.007,             0.00028608,             0.00028608,             0.00028608
                    152,                0.70448,                0.74833,                  1.194,                0.82879,                0.65033,                0.70876,                0.46758,                 1.3847,                 1.2128,                 2.0162,             0.00028058,             0.00028058,             0.00028058
                    153,                0.69376,                0.72872,                 1.1842,                0.84753,                0.63719,                0.70571,                0.46011,                 1.4153,                 1.1754,                 2.0568,             0.00027508,             0.00027508,             0.00027508
                    154,                0.70461,                0.73183,                 1.1883,                0.83072,                 0.6241,                   0.69,                0.45107,                 1.3942,                 1.2105,                 1.9817,             0.00026958,             0.00026958,             0.00026958
                    155,                 0.6987,                0.74025,                 1.1996,                0.78371,                 0.6575,                0.70012,                0.45968,                  1.435,                 1.2387,                 2.0744,             0.00026408,             0.00026408,             0.00026408
                    156,                0.67839,                0.70521,                 1.1704,                0.84112,                0.64616,                0.72253,                0.46737,                 1.4293,                 1.2506,                 2.0572,             0.00025859,             0.00025859,             0.00025859
                    157,                0.69063,                0.72206,                 1.1806,                0.74343,                 0.7029,                0.71422,                0.46539,                 1.3903,                 1.1995,                 2.0434,             0.00025309,             0.00025309,             0.00025309
                    158,                0.68968,                0.71766,                 1.1813,                0.80204,                 0.6336,                0.70601,                 0.4597,                 1.4416,                 1.2626,                 2.0344,             0.00024759,             0.00024759,             0.00024759
                    159,                0.66455,                0.68852,                 1.1599,                0.78392,                0.66985,                0.71353,                0.46734,                  1.415,                 1.2304,                 2.0638,             0.00024209,             0.00024209,             0.00024209
                    160,                0.66986,                0.69448,                 1.1735,                0.81581,                0.60767,                0.68546,                0.44875,                 1.4368,                 1.3376,                 2.0568,             0.00023659,             0.00023659,             0.00023659
                    161,                0.66062,                0.68293,                 1.1606,                0.84063,                 0.6522,                0.72953,                0.46635,                  1.439,                 1.2411,                 2.0768,             0.00023109,             0.00023109,             0.00023109
                    162,                0.66161,                0.69515,                 1.1571,                0.78133,                0.61776,                0.68759,                0.45856,                 1.4305,                  1.194,                 2.1226,             0.00022559,             0.00022559,             0.00022559
                    163,                0.64578,                 0.6614,                 1.1469,                0.74709,                 0.6799,                0.70871,                0.46257,                 1.4281,                 1.2582,                 2.0862,             0.00022009,             0.00022009,             0.00022009
                    164,                0.66394,                 0.6885,                 1.1561,                0.73528,                0.67238,                0.69875,                 0.4627,                 1.4305,                 1.2284,                 2.0927,             0.00021459,             0.00021459,             0.00021459
                    165,                0.63746,                0.66096,                 1.1393,                0.75435,                0.66281,                0.69765,                0.46532,                 1.3903,                 1.3224,                 2.0261,             0.00020909,             0.00020909,             0.00020909
                    166,                0.65956,                0.67688,                 1.1551,                0.70821,                0.67618,                0.68754,                0.46063,                 1.4168,                 1.3519,                  2.121,             0.00020359,             0.00020359,             0.00020359
                    167,                0.64247,                0.65572,                 1.1397,                0.77404,                0.63513,                0.68469,                0.46265,                 1.4109,                    1.3,                 2.1164,             0.00019809,             0.00019809,             0.00019809
                    168,                0.65212,                0.63723,                 1.1488,                 0.7965,                0.63986,                0.70115,                0.47424,                 1.4086,                 1.3301,                 2.0587,             0.00019259,             0.00019259,             0.00019259
                    169,                0.64594,                0.65319,                 1.1523,                0.75124,                0.65356,                0.70695,                0.47315,                 1.3755,                 1.2753,                 2.0437,             0.00018709,             0.00018709,             0.00018709
                    170,                0.64756,                0.66315,                 1.1401,                0.72135,                0.66815,                0.69101,                0.47315,                 1.3855,                 1.2677,                  2.059,             0.00018159,             0.00018159,             0.00018159
                    171,                0.61046,                0.63327,                 1.1307,                0.79315,                0.59338,                0.70075,                0.47414,                 1.3764,                 1.2401,                  2.044,             0.00017609,             0.00017609,             0.00017609
                    172,                0.62508,                0.62962,                  1.135,                0.78314,                0.60434,                0.68134,                0.44916,                 1.4394,                 1.3397,                 2.1088,             0.00017059,             0.00017059,             0.00017059
                    173,                0.63974,                0.64745,                 1.1401,                0.72601,                0.62632,                0.69888,                0.45442,                 1.4387,                 1.3162,                 2.0949,             0.00016509,             0.00016509,             0.00016509
                    174,                 0.6218,                0.62374,                 1.1365,                0.78357,                0.61887,                0.71094,                0.45664,                 1.4148,                 1.2734,                 2.0846,              0.0001596,              0.0001596,              0.0001596
                    175,                0.61638,                0.61476,                 1.1288,                0.82261,                0.62384,                0.70223,                0.46156,                 1.4345,                 1.2697,                 2.1137,              0.0001541,              0.0001541,              0.0001541
                    176,                0.61321,                0.62025,                 1.1222,                0.81347,                0.64481,                0.70209,                0.45213,                 1.4269,                 1.2293,                 2.1476,              0.0001486,              0.0001486,              0.0001486
                    177,                0.60962,                0.60746,                 1.1175,                0.81207,                0.65208,                0.70606,                0.45433,                 1.4386,                 1.2414,                 2.1345,              0.0001431,              0.0001431,              0.0001431
                    178,                0.61255,                0.61423,                 1.1264,                0.86548,                0.60233,                0.69684,                0.45598,                 1.4501,                 1.2161,                 2.1399,              0.0001376,              0.0001376,              0.0001376
                    179,                 0.6051,                0.61927,                 1.1153,                0.82114,                 0.6353,                0.69244,                0.45917,                 1.4044,                 1.1928,                 2.0872,              0.0001321,              0.0001321,              0.0001321
                    180,                0.59203,                0.59831,                 1.1183,                0.75112,                0.67221,                0.70042,                0.45529,                 1.4172,                 1.2506,                 2.0948,              0.0001266,              0.0001266,              0.0001266
                    181,                 0.5945,                0.59306,                 1.1083,                0.80511,                0.66234,                0.70217,                0.46046,                 1.4322,                 1.2505,                 2.1527,              0.0001211,              0.0001211,              0.0001211
                    182,                0.59725,                0.58438,                 1.1182,                0.80774,                0.63624,                0.69759,                0.46561,                 1.4437,                 1.2594,                 2.1466,              0.0001156,              0.0001156,              0.0001156
                    183,                 0.5854,                0.58075,                 1.1185,                0.79362,                0.64393,                0.71035,                0.45741,                 1.4484,                 1.2717,                 2.1286,              0.0001101,              0.0001101,              0.0001101
                    184,                0.59476,                0.60481,                 1.1165,                0.84054,                 0.6304,                0.70773,                0.46358,                 1.4482,                 1.2571,                 2.1582,              0.0001046,              0.0001046,              0.0001046
                    185,                0.59941,                0.60515,                 1.1213,                0.78146,                0.66426,                0.70185,                0.46458,                 1.4493,                 1.2498,                 2.1366,             9.9101e-05,             9.9101e-05,             9.9101e-05
                    186,                0.60302,                0.60922,                  1.125,                0.80144,                0.64584,                0.70025,                0.46356,                  1.431,                 1.2771,                 2.1349,             9.3602e-05,             9.3602e-05,             9.3602e-05
                    187,                0.57291,                0.58199,                 1.1023,                0.84579,                0.64831,                0.70836,                0.45551,                 1.4353,                 1.2842,                 2.1475,             8.8102e-05,             8.8102e-05,             8.8102e-05
                    188,                0.58733,                0.58474,                 1.1095,                0.82542,                0.64229,                0.70499,                0.46238,                 1.4512,                 1.2785,                 2.1739,             8.2603e-05,             8.2603e-05,             8.2603e-05
                    189,                0.58572,                0.62168,                 1.1159,                0.78491,                0.65162,                0.70076,                0.45787,                 1.4241,                   1.29,                 2.1294,             7.7103e-05,             7.7103e-05,             7.7103e-05
                    190,                0.55154,                0.55837,                 1.1014,                0.79679,                0.61606,                0.69667,                0.45931,                 1.4179,                 1.3349,                 2.1429,             7.1604e-05,             7.1604e-05,             7.1604e-05
                    191,                0.45968,                0.38966,                 1.0475,                0.76523,                0.65224,                0.69182,                0.44857,                  1.444,                 1.2701,                  2.203,             6.6105e-05,             6.6105e-05,             6.6105e-05
                    192,                0.44471,                0.36026,                 1.0351,                 0.8041,                 0.6313,                0.70127,                0.45792,                 1.4214,                 1.2556,                 2.2037,             6.0605e-05,             6.0605e-05,             6.0605e-05
                    193,                0.43203,                0.35496,                 1.0244,                0.85051,                0.62768,                0.71432,                 0.4621,                  1.413,                  1.254,                 2.1901,             5.5106e-05,             5.5106e-05,             5.5106e-05
                    194,                0.41738,                0.35988,                 1.0012,                0.82943,                0.62142,                0.70378,                0.46019,                 1.4166,                 1.2794,                 2.1734,             4.9606e-05,             4.9606e-05,             4.9606e-05
                    195,                0.42182,                0.33913,                 1.0163,                 0.8177,                0.60885,                0.69165,                0.46058,                 1.4032,                 1.2938,                 2.1684,             4.4107e-05,             4.4107e-05,             4.4107e-05
                    196,                0.41438,                0.33261,                  1.014,                 0.8333,                0.62931,                0.69856,                 0.4642,                  1.383,                 1.2849,                 2.1313,             3.8607e-05,             3.8607e-05,             3.8607e-05
                    197,                0.41936,                0.33047,                 1.0072,                0.76587,                  0.653,                0.69579,                0.46622,                 1.3869,                 1.3036,                 2.1348,             3.3108e-05,             3.3108e-05,             3.3108e-05
                    198,                0.40248,                0.31854,                0.99748,                0.76019,                 0.6304,                0.68438,                 0.4677,                 1.3808,                 1.3147,                 2.1292,             2.7608e-05,             2.7608e-05,             2.7608e-05
                    199,                0.41049,                0.31838,                 1.0041,                0.76747,                0.64535,                0.68882,                0.46733,                 1.3993,                 1.3139,                 2.1642,             2.2109e-05,             2.2109e-05,             2.2109e-05
                    200,                0.41021,                0.31976,                 1.0143,                 0.8011,                 0.6201,                0.68899,                0.46762,                 1.3954,                 1.2909,                 2.1809,             1.6609e-05,             1.6609e-05,             1.6609e-05
