               epoch,      train/box_loss,      train/cls_loss,      train/dfl_loss,   metrics/precision,      metrics/recall,     metrics/mAP_0.5,metrics/mAP_0.5:0.95,        val/box_loss,        val/cls_loss,        val/dfl_loss,               x/lr0,               x/lr1,               x/lr2
                   0,              1.9172,              4.1596,              2.3544,             0.75525,             0.37806,             0.48732,             0.35445,                   0,                   0,                   0,            0.070084,            0.003324,            0.003324
                   1,              1.8295,              3.1314,              2.2514,             0.63473,             0.57847,             0.48214,             0.34352,                   0,                   0,                   0,            0.040051,           0.0066244,           0.0066244
                   2,               2.002,              3.2661,              2.3695,             0.61969,             0.31901,             0.44391,             0.31083,                   0,                   0,                   0,           0.0099851,           0.0098918,           0.0098918
                   3,              2.1724,              3.4974,              2.4787,             0.86488,             0.18056,             0.30334,             0.14613,                   0,                   0,                   0,           0.0098515,           0.0098515,           0.0098515
                   4,               2.261,              3.5767,              2.5789,             0.52942,             0.31091,             0.38268,             0.18368,                   0,                   0,                   0,           0.0098515,           0.0098515,           0.0098515
                   5,              2.2205,               3.526,              2.5818,              0.9609,             0.18056,             0.31863,             0.16214,                   0,                   0,                   0,            0.009802,            0.009802,            0.009802
                   6,              2.1905,              3.3927,              2.5258,             0.72009,             0.33521,             0.37124,              0.2184,                   0,                   0,                   0,           0.0097525,           0.0097525,           0.0097525
                   7,              2.1586,              3.3351,              2.5467,             0.50296,             0.40686,              0.4013,              0.2645,                   0,                   0,                   0,            0.009703,            0.009703,            0.009703
                   8,              2.1592,              3.3266,              2.5417,             0.59728,             0.36389,             0.41418,             0.26822,                   0,                   0,                   0,           0.0096535,           0.0096535,           0.0096535
                   9,              2.1271,              3.2618,              2.5064,             0.48975,             0.38678,             0.46216,             0.31439,                   0,                   0,                   0,            0.009604,            0.009604,            0.009604
                  10,              2.1092,              3.2583,              2.4965,             0.84161,             0.36748,             0.45447,             0.25467,                   0,                   0,                   0,           0.0095545,           0.0095545,           0.0095545
                  11,              2.0696,              3.2033,              2.4888,             0.69477,             0.41179,             0.46496,             0.25724,                   0,                   0,                   0,            0.009505,            0.009505,            0.009505
                  12,              2.0731,              3.1216,              2.4565,             0.62206,                0.45,             0.51596,             0.31183,                   0,                   0,                   0,           0.0094555,           0.0094555,           0.0094555
                  13,              2.0157,              3.0415,              2.4374,             0.53627,             0.52916,             0.52394,             0.31167,                   0,                   0,                   0,            0.009406,            0.009406,            0.009406
                  14,               2.023,              3.0187,               2.429,             0.69903,              0.3462,             0.50078,             0.30111,                   0,                   0,                   0,           0.0093565,           0.0093565,           0.0093565
                  15,               2.034,                3.09,              2.4622,             0.46442,             0.58155,              0.4656,             0.28206,                   0,                   0,                   0,            0.009307,            0.009307,            0.009307
                  16,              1.9906,              2.9991,              2.4087,             0.91692,              0.4173,             0.54675,             0.33999,                   0,                   0,                   0,           0.0092575,           0.0092575,           0.0092575
                  17,               1.973,              2.8713,              2.3782,             0.65797,             0.41528,             0.45658,             0.29379,                   0,                   0,                   0,            0.009208,            0.009208,            0.009208
                  18,              1.9534,              2.9643,              2.3872,             0.71571,             0.39257,             0.53112,             0.34247,                   0,                   0,                   0,           0.0091585,           0.0091585,           0.0091585
                  19,              1.9253,              2.8974,               2.367,             0.49191,              0.5521,             0.56543,              0.3506,                   0,                   0,                   0,            0.009109,            0.009109,            0.009109
                  20,              1.9551,              2.8257,              2.3809,             0.80898,             0.42649,             0.55473,             0.38204,                   0,                   0,                   0,           0.0090595,           0.0090595,           0.0090595
                  21,              1.9033,              2.8825,              2.3405,             0.77799,             0.46819,             0.59666,             0.38632,                   0,                   0,                   0,             0.00901,             0.00901,             0.00901
                  22,              1.9037,               2.768,              2.3546,             0.47075,              0.5625,             0.57795,             0.37812,                   0,                   0,                   0,           0.0089605,           0.0089605,           0.0089605
                  23,              1.8682,              2.7382,              2.3158,             0.85316,             0.48249,              0.6325,             0.39775,                   0,                   0,                   0,            0.008911,            0.008911,            0.008911
                  24,              1.8886,              2.6891,              2.3051,             0.75187,             0.58174,             0.56265,              0.3657,                   0,                   0,                   0,           0.0088615,           0.0088615,           0.0088615
                  25,              1.8709,              2.7315,              2.3024,             0.42592,             0.62931,             0.57951,              0.3842,                   0,                   0,                   0,            0.008812,            0.008812,            0.008812
                  26,              1.8776,              2.6992,              2.3085,              0.7307,             0.58218,             0.62293,             0.37895,                   0,                   0,                   0,           0.0087625,           0.0087625,           0.0087625
                  27,              1.8644,              2.5915,               2.289,             0.75175,               0.525,             0.56697,             0.37823,                   0,                   0,                   0,            0.008713,            0.008713,            0.008713
                  28,              1.8356,              2.6751,              2.2783,             0.88089,             0.41443,             0.56403,               0.363,                   0,                   0,                   0,           0.0086635,           0.0086635,           0.0086635
                  29,              1.8106,              2.5415,              2.2319,             0.64937,             0.67354,             0.65851,             0.39842,                   0,                   0,                   0,            0.008614,            0.008614,            0.008614
                  30,              1.8065,              2.5486,               2.255,             0.64178,             0.57643,             0.59747,             0.43462,                   0,                   0,                   0,           0.0085645,           0.0085645,           0.0085645
                  31,              1.8157,              2.5263,              2.2343,             0.71011,             0.58056,             0.63125,             0.39032,                   0,                   0,                   0,            0.008515,            0.008515,            0.008515
                  32,              1.8107,              2.5316,              2.2484,             0.84082,             0.52902,             0.64283,             0.37738,                   0,                   0,                   0,           0.0084655,           0.0084655,           0.0084655
                  33,              1.8044,                2.51,              2.2605,             0.62542,             0.53014,             0.58645,             0.37886,                   0,                   0,                   0,            0.008416,            0.008416,            0.008416
                  34,              1.7703,              2.4991,              2.2185,              0.8071,             0.58491,             0.65764,             0.39486,                   0,                   0,                   0,           0.0083665,           0.0083665,           0.0083665
                  35,              1.7504,              2.4575,              2.2166,             0.81148,             0.62012,             0.67515,             0.43865,                   0,                   0,                   0,            0.008317,            0.008317,            0.008317
                  36,              1.7566,              2.4327,               2.198,             0.87465,             0.52151,             0.63468,             0.43193,                   0,                   0,                   0,           0.0082675,           0.0082675,           0.0082675
                  37,              1.7625,              2.4148,              2.1893,              0.8522,              0.5367,             0.67423,             0.38037,                   0,                   0,                   0,            0.008218,            0.008218,            0.008218
                  38,               1.735,              2.4305,              2.1797,              0.8375,             0.55278,             0.63918,             0.40403,                   0,                   0,                   0,           0.0081685,           0.0081685,           0.0081685
                  39,              1.7311,              2.4379,              2.1758,             0.81219,             0.54103,             0.65999,             0.49562,                   0,                   0,                   0,            0.008119,            0.008119,            0.008119
                  40,               1.701,              2.3877,              2.1616,             0.71567,             0.63559,             0.63744,              0.4047,                   0,                   0,                   0,           0.0080695,           0.0080695,           0.0080695
                  41,               1.741,              2.3806,              2.1883,             0.85727,              0.5375,             0.61491,             0.46029,                   0,                   0,                   0,             0.00802,             0.00802,             0.00802
                  42,              1.6813,              2.3494,              2.1657,             0.72164,             0.61964,             0.64945,             0.43538,                   0,                   0,                   0,           0.0079705,           0.0079705,           0.0079705
                  43,              1.6826,              2.2554,                2.14,             0.71415,             0.58538,             0.64004,             0.39091,                   0,                   0,                   0,            0.007921,            0.007921,            0.007921
                  44,              1.6866,              2.2601,              2.1598,             0.82951,             0.58056,             0.68838,             0.44819,                   0,                   0,                   0,           0.0078715,           0.0078715,           0.0078715
                  45,              1.6553,              2.2272,              2.1143,             0.87924,              0.5603,             0.67659,             0.46238,                   0,                   0,                   0,            0.007822,            0.007822,            0.007822
                  46,              1.6951,               2.223,              2.1608,             0.81273,             0.58287,             0.68113,             0.46118,                   0,                   0,                   0,           0.0077725,           0.0077725,           0.0077725
                  47,              1.7081,              2.2545,              2.1522,             0.88781,             0.59605,             0.70029,             0.48169,                   0,                   0,                   0,            0.007723,            0.007723,            0.007723
                  48,              1.6789,              2.1864,              2.1132,             0.83349,             0.69794,             0.72633,             0.49692,                   0,                   0,                   0,           0.0076735,           0.0076735,           0.0076735
                  49,               1.655,              2.1824,              2.1111,              0.6142,             0.65877,              0.6919,             0.44425,                   0,                   0,                   0,            0.007624,            0.007624,            0.007624
                  50,              1.6386,              2.1788,              2.0993,             0.88581,             0.66656,             0.74572,             0.51735,                   0,                   0,                   0,           0.0075745,           0.0075745,           0.0075745
                  51,              1.6729,              2.1974,              2.1512,             0.85494,             0.62553,             0.71484,              0.5026,                   0,                   0,                   0,            0.007525,            0.007525,            0.007525
                  52,              1.6698,              2.1533,              2.1092,             0.76831,             0.55032,             0.65965,             0.46101,                   0,                   0,                   0,           0.0074755,           0.0074755,           0.0074755
                  53,              1.6381,              2.1749,              2.1044,             0.50125,             0.70264,             0.65388,             0.47932,                   0,                   0,                   0,            0.007426,            0.007426,            0.007426
                  54,              1.6312,              2.1455,              2.1245,             0.81741,             0.62864,             0.68349,             0.46886,                   0,                   0,                   0,           0.0073765,           0.0073765,           0.0073765
                  55,              1.6082,               2.091,              2.0684,             0.87469,             0.64006,             0.69251,             0.50751,                   0,                   0,                   0,            0.007327,            0.007327,            0.007327
                  56,              1.6205,              2.0995,               2.085,             0.74613,             0.60466,             0.68555,             0.49215,                   0,                   0,                   0,           0.0072775,           0.0072775,           0.0072775
                  57,              1.6237,              2.1068,              2.1052,             0.82989,             0.72411,             0.71058,             0.50983,                   0,                   0,                   0,            0.007228,            0.007228,            0.007228
                  58,                1.62,              2.0973,              2.0814,             0.85454,              0.5528,             0.65404,             0.44837,                   0,                   0,                   0,           0.0071785,           0.0071785,           0.0071785
                  59,              1.6067,              2.1183,              2.0979,             0.78559,             0.58009,             0.67179,             0.46886,                   0,                   0,                   0,            0.007129,            0.007129,            0.007129
                  60,               1.611,              2.0521,               2.085,             0.85724,             0.59245,             0.69263,             0.47678,                   0,                   0,                   0,           0.0070795,           0.0070795,           0.0070795
                  61,              1.5911,                2.05,              2.0772,             0.80051,             0.65453,             0.70212,             0.50802,                   0,                   0,                   0,             0.00703,             0.00703,             0.00703
                  62,              1.5342,              1.9922,              2.0306,             0.62377,             0.70985,             0.71155,             0.52172,                   0,                   0,                   0,           0.0069805,           0.0069805,           0.0069805
                  63,              1.6204,              2.0683,              2.1049,              0.7749,             0.71725,             0.71328,             0.53888,                   0,                   0,                   0,            0.006931,            0.006931,            0.006931
                  64,              1.5625,              1.9807,              2.0444,             0.88782,             0.64537,             0.73414,              0.5555,                   0,                   0,                   0,           0.0068815,           0.0068815,           0.0068815
                  65,              1.5611,              1.9724,              2.0597,              0.8732,             0.61225,              0.7149,             0.47155,                   0,                   0,                   0,            0.006832,            0.006832,            0.006832
                  66,              1.5885,              1.9954,               2.068,             0.90752,             0.65983,             0.73732,             0.50948,                   0,                   0,                   0,           0.0067825,           0.0067825,           0.0067825
                  67,              1.5752,              1.9838,              2.0444,             0.88905,             0.65552,             0.73329,             0.51474,                   0,                   0,                   0,            0.006733,            0.006733,            0.006733
                  68,              1.5593,              1.9741,              2.0567,              0.8433,             0.63606,             0.67985,             0.46954,                   0,                   0,                   0,           0.0066835,           0.0066835,           0.0066835
                  69,              1.5376,              1.9089,              2.0022,             0.65116,             0.72713,             0.73856,             0.54662,                   0,                   0,                   0,            0.006634,            0.006634,            0.006634
                  70,              1.5413,              1.9423,              2.0424,             0.61397,             0.77416,             0.72742,             0.53218,                   0,                   0,                   0,           0.0065845,           0.0065845,           0.0065845
                  71,              1.5552,              1.9057,              2.0227,             0.88676,             0.59722,             0.71119,             0.47754,                   0,                   0,                   0,            0.006535,            0.006535,            0.006535
                  72,              1.5344,              1.9322,              2.0212,             0.95607,             0.61717,             0.72738,             0.54972,                   0,                   0,                   0,           0.0064855,           0.0064855,           0.0064855
                  73,              1.5244,              1.9215,              2.0282,             0.89957,             0.65159,              0.7434,             0.53429,                   0,                   0,                   0,            0.006436,            0.006436,            0.006436
                  74,              1.4944,              1.8529,              1.9886,             0.62425,             0.65527,             0.69673,             0.54998,                   0,                   0,                   0,           0.0063865,           0.0063865,           0.0063865
                  75,              1.5004,              1.8821,              1.9821,             0.84444,              0.6889,             0.75245,             0.54096,                   0,                   0,                   0,            0.006337,            0.006337,            0.006337
                  76,              1.5214,              1.8668,              1.9956,               0.935,             0.63056,             0.73176,             0.54312,                   0,                   0,                   0,           0.0062875,           0.0062875,           0.0062875
                  77,              1.5339,              1.8986,              2.0158,             0.90275,             0.71911,             0.76187,             0.54298,                   0,                   0,                   0,            0.006238,            0.006238,            0.006238
                  78,              1.4838,              1.7932,              1.9557,             0.84137,             0.72222,              0.7269,             0.53516,                   0,                   0,                   0,           0.0061885,           0.0061885,           0.0061885
                  79,              1.5045,              1.8323,              1.9901,             0.87394,             0.62343,             0.70991,             0.47617,                   0,                   0,                   0,            0.006139,            0.006139,            0.006139
                  80,               1.478,              1.8001,              1.9713,              0.9414,                 0.7,             0.76585,             0.55543,                   0,                   0,                   0,           0.0060895,           0.0060895,           0.0060895
                  81,               1.485,              1.8053,              1.9698,             0.82983,             0.68394,             0.73667,             0.48142,                   0,                   0,                   0,             0.00604,             0.00604,             0.00604
                  82,              1.4891,              1.8016,              1.9828,             0.93448,             0.70673,             0.77071,             0.56284,                   0,                   0,                   0,           0.0059905,           0.0059905,           0.0059905
                  83,              1.4647,              1.7548,              1.9745,             0.91409,             0.69599,              0.7497,             0.51748,                   0,                   0,                   0,            0.005941,            0.005941,            0.005941
                  84,              1.4738,              1.8307,              1.9851,             0.86078,             0.66455,             0.76424,             0.53183,                   0,                   0,                   0,           0.0058915,           0.0058915,           0.0058915
                  85,              1.4806,              1.8327,              1.9841,             0.89249,             0.68609,             0.75984,             0.53211,                   0,                   0,                   0,            0.005842,            0.005842,            0.005842
                  86,              1.5053,              1.8314,              1.9954,             0.89941,             0.72353,             0.78461,             0.54292,                   0,                   0,                   0,           0.0057925,           0.0057925,           0.0057925
                  87,              1.5152,              1.8644,              2.0148,             0.96326,             0.69516,             0.73562,             0.53973,                   0,                   0,                   0,            0.005743,            0.005743,            0.005743
                  88,              1.4671,              1.7822,              1.9655,             0.86271,             0.64717,             0.73325,             0.55289,                   0,                   0,                   0,           0.0056935,           0.0056935,           0.0056935
                  89,              1.4591,              1.7509,              1.9566,             0.85783,             0.69223,             0.76792,             0.52885,                   0,                   0,                   0,            0.005644,            0.005644,            0.005644
                  90,              1.4408,              1.6856,              1.9266,             0.94948,             0.72177,             0.78053,             0.52717,                   0,                   0,                   0,           0.0055945,           0.0055945,           0.0055945
                  91,              1.4321,              1.7453,               1.946,             0.92498,             0.69346,             0.77434,             0.56882,                   0,                   0,                   0,            0.005545,            0.005545,            0.005545
                  92,              1.4362,              1.7253,                1.94,              0.7615,             0.75324,             0.77217,             0.57015,                   0,                   0,                   0,           0.0054955,           0.0054955,           0.0054955
                  93,              1.4335,              1.6665,              1.9373,              0.8718,             0.72858,             0.75126,             0.53343,                   0,                   0,                   0,            0.005446,            0.005446,            0.005446
                  94,              1.4492,              1.6939,              1.9361,              0.9335,             0.71216,             0.76214,             0.52049,                   0,                   0,                   0,           0.0053965,           0.0053965,           0.0053965
                  95,              1.4023,              1.7058,              1.9193,             0.88817,             0.72069,             0.75874,             0.57064,                   0,                   0,                   0,            0.005347,            0.005347,            0.005347
                  96,              1.4152,              1.6856,              1.9363,             0.67361,             0.75444,              0.7629,             0.54397,                   0,                   0,                   0,           0.0052975,           0.0052975,           0.0052975
                  97,              1.3943,              1.6409,              1.9054,             0.91896,             0.70358,             0.75196,             0.57261,                   0,                   0,                   0,            0.005248,            0.005248,            0.005248
                  98,              1.4084,              1.6355,              1.9132,             0.93336,             0.67408,             0.73786,              0.5718,                   0,                   0,                   0,           0.0051985,           0.0051985,           0.0051985
                  99,              1.4106,              1.6576,              1.9374,             0.79393,             0.75639,              0.7672,             0.57665,                   0,                   0,                   0,            0.005149,            0.005149,            0.005149
                 100,              1.4099,              1.6233,              1.9309,             0.94728,             0.66971,             0.76065,             0.56832,                   0,                   0,                   0,           0.0050995,           0.0050995,           0.0050995
                 101,              1.3759,              1.6084,               1.905,             0.94167,             0.69353,             0.78375,             0.57387,                   0,                   0,                   0,             0.00505,             0.00505,             0.00505
                 102,              1.3735,              1.6068,              1.9024,             0.95614,             0.69271,             0.78445,             0.58826,                   0,                   0,                   0,           0.0050005,           0.0050005,           0.0050005
                 103,              1.3892,              1.6478,              1.9201,             0.95309,             0.72102,             0.78949,              0.5593,                   0,                   0,                   0,            0.004951,            0.004951,            0.004951
                 104,              1.3781,              1.5714,              1.8777,             0.66999,             0.77381,             0.75955,             0.55021,                   0,                   0,                   0,           0.0049015,           0.0049015,           0.0049015
                 105,              1.3651,              1.6033,              1.8897,             0.93822,             0.69244,             0.78021,             0.54798,                   0,                   0,                   0,            0.004852,            0.004852,            0.004852
                 106,              1.3672,              1.5559,              1.8869,             0.94552,             0.69112,             0.76627,             0.56587,                   0,                   0,                   0,           0.0048025,           0.0048025,           0.0048025
                 107,              1.3974,              1.6498,              1.9075,             0.92343,             0.69718,             0.77657,             0.59435,                   0,                   0,                   0,            0.004753,            0.004753,            0.004753
                 108,              1.3514,              1.5764,              1.8868,             0.97302,             0.70706,             0.78855,             0.57317,                   0,                   0,                   0,           0.0047035,           0.0047035,           0.0047035
                 109,              1.3669,              1.5684,              1.8824,             0.69618,             0.77958,             0.77943,             0.59775,                   0,                   0,                   0,            0.004654,            0.004654,            0.004654
                 110,              1.3795,              1.5696,              1.8958,             0.91637,             0.68889,             0.77356,             0.58838,                   0,                   0,                   0,           0.0046045,           0.0046045,           0.0046045
                 111,              1.3306,              1.5369,              1.8652,             0.89075,             0.69852,               0.755,             0.56602,                   0,                   0,                   0,            0.004555,            0.004555,            0.004555
                 112,               1.334,              1.5814,              1.8755,             0.65927,             0.75714,             0.76644,              0.5848,                   0,                   0,                   0,           0.0045055,           0.0045055,           0.0045055
                 113,              1.3445,              1.5374,              1.8658,             0.63032,             0.76984,             0.76264,             0.57688,                   0,                   0,                   0,            0.004456,            0.004456,            0.004456
                 114,              1.3268,              1.5177,              1.8621,             0.70261,             0.75123,             0.78247,             0.58394,                   0,                   0,                   0,           0.0044065,           0.0044065,           0.0044065
                 115,              1.3405,              1.5416,              1.8628,             0.71947,             0.75317,              0.7667,             0.58659,                   0,                   0,                   0,            0.004357,            0.004357,            0.004357
                 116,              1.3275,              1.5341,               1.874,             0.96002,             0.66141,             0.75757,             0.57702,                   0,                   0,                   0,           0.0043075,           0.0043075,           0.0043075
                 117,              1.3293,              1.5239,              1.8688,             0.92784,             0.71193,             0.76502,             0.57438,                   0,                   0,                   0,            0.004258,            0.004258,            0.004258
                 118,              1.3187,              1.5344,              1.8655,             0.92069,             0.67328,             0.75418,             0.56337,                   0,                   0,                   0,           0.0042085,           0.0042085,           0.0042085
                 119,              1.3117,              1.4581,              1.8462,              0.9338,                 0.7,             0.75897,              0.5621,                   0,                   0,                   0,            0.004159,            0.004159,            0.004159
                 120,              1.3061,              1.4983,              1.8581,             0.73331,             0.75597,             0.76031,             0.59399,                   0,                   0,                   0,           0.0041095,           0.0041095,           0.0041095
                 121,              1.3104,              1.4611,              1.8415,             0.69459,             0.76429,             0.75062,             0.58107,                   0,                   0,                   0,             0.00406,             0.00406,             0.00406
                 122,              1.2928,              1.4599,               1.828,             0.91067,             0.68241,             0.74684,             0.57099,                   0,                   0,                   0,           0.0040105,           0.0040105,           0.0040105
                 123,              1.3129,              1.4596,              1.8567,             0.95191,             0.67565,             0.77853,             0.54969,                   0,                   0,                   0,            0.003961,            0.003961,            0.003961
                 124,              1.3085,              1.4776,              1.8262,              0.9443,             0.61448,             0.73246,             0.55835,                   0,                   0,                   0,           0.0039115,           0.0039115,           0.0039115
                 125,              1.2796,              1.4321,              1.8106,             0.94604,             0.70824,             0.78073,             0.53263,                   0,                   0,                   0,            0.003862,            0.003862,            0.003862
                 126,              1.2977,              1.4413,              1.8036,             0.96061,             0.69757,             0.78836,             0.54721,                   0,                   0,                   0,           0.0038125,           0.0038125,           0.0038125
                 127,              1.2933,              1.4348,               1.801,             0.93316,             0.70119,             0.75894,             0.54038,                   0,                   0,                   0,            0.003763,            0.003763,            0.003763
                 128,              1.2908,              1.4584,              1.8371,             0.90143,             0.72679,             0.76735,             0.58733,                   0,                   0,                   0,           0.0037135,           0.0037135,           0.0037135
                 129,              1.2888,               1.483,              1.8272,             0.90118,             0.69745,             0.72686,             0.57923,                   0,                   0,                   0,            0.003664,            0.003664,            0.003664
                 130,              1.2695,              1.3971,              1.8144,             0.94813,             0.71667,             0.77022,             0.56007,                   0,                   0,                   0,           0.0036145,           0.0036145,           0.0036145
                 131,              1.2875,              1.4236,              1.8144,             0.88742,             0.73897,             0.76853,             0.56681,                   0,                   0,                   0,            0.003565,            0.003565,            0.003565
                 132,              1.2747,              1.4202,              1.8037,             0.94589,             0.71117,             0.77469,             0.56485,                   0,                   0,                   0,           0.0035155,           0.0035155,           0.0035155
                 133,               1.262,              1.3925,               1.805,             0.91863,             0.68889,              0.7445,             0.56422,                   0,                   0,                   0,            0.003466,            0.003466,            0.003466
                 134,              1.2505,              1.3985,              1.7997,             0.92685,             0.69692,             0.75982,              0.5901,                   0,                   0,                   0,           0.0034165,           0.0034165,           0.0034165
                 135,              1.2538,              1.3993,              1.8158,              0.9718,             0.66004,             0.77615,             0.57895,                   0,                   0,                   0,            0.003367,            0.003367,            0.003367
                 136,              1.2713,              1.4234,              1.8315,             0.92867,             0.66825,             0.76166,             0.59815,                   0,                   0,                   0,           0.0033175,           0.0033175,           0.0033175
                 137,              1.2535,              1.4071,               1.798,             0.90357,             0.66111,             0.74116,             0.58125,                   0,                   0,                   0,            0.003268,            0.003268,            0.003268
                 138,              1.2426,              1.3602,              1.7748,             0.71481,             0.77381,             0.76968,             0.59308,                   0,                   0,                   0,           0.0032185,           0.0032185,           0.0032185
                 139,              1.2328,               1.385,              1.7898,             0.90237,             0.71296,             0.74837,             0.57364,                   0,                   0,                   0,            0.003169,            0.003169,            0.003169
                 140,              1.2308,              1.3281,              1.7827,              0.9075,             0.69169,             0.74396,             0.58905,                   0,                   0,                   0,           0.0031195,           0.0031195,           0.0031195
                 141,              1.2354,              1.3701,              1.7746,             0.93067,             0.69047,             0.75449,              0.5864,                   0,                   0,                   0,             0.00307,             0.00307,             0.00307
                 142,              1.2278,              1.3537,              1.7794,             0.88218,             0.68405,             0.74737,             0.58018,                   0,                   0,                   0,           0.0030205,           0.0030205,           0.0030205
                 143,               1.242,              1.3879,              1.7903,             0.75017,             0.76858,             0.77202,             0.58521,                   0,                   0,                   0,            0.002971,            0.002971,            0.002971
                 144,              1.2261,              1.3432,              1.7917,             0.89456,             0.73187,             0.74918,             0.57467,                   0,                   0,                   0,           0.0029215,           0.0029215,           0.0029215
                 145,              1.2088,              1.3048,              1.7565,             0.86674,             0.71114,             0.74091,             0.57217,                   0,                   0,                   0,            0.002872,            0.002872,            0.002872
                 146,              1.2452,              1.3349,              1.7793,             0.87743,             0.71543,             0.72529,             0.57199,                   0,                   0,                   0,           0.0028225,           0.0028225,           0.0028225
                 147,              1.1994,              1.2915,              1.7391,             0.91071,             0.66854,                0.75,             0.57281,                   0,                   0,                   0,            0.002773,            0.002773,            0.002773
                 148,              1.2152,              1.3056,              1.7741,             0.88366,             0.72668,             0.78257,             0.59158,                   0,                   0,                   0,           0.0027235,           0.0027235,           0.0027235
                 149,              1.2248,              1.3039,              1.7723,             0.89623,             0.72492,             0.76203,             0.58398,                   0,                   0,                   0,            0.002674,            0.002674,            0.002674
                 150,              1.1953,              1.3119,              1.7531,             0.88804,             0.67222,             0.73744,             0.57329,                   0,                   0,                   0,           0.0026245,           0.0026245,           0.0026245
                 151,              1.1865,               1.279,              1.7543,             0.68774,             0.73544,             0.73859,             0.54668,                   0,                   0,                   0,            0.002575,            0.002575,            0.002575
                 152,              1.1564,              1.2889,              1.7359,             0.87155,              0.7285,              0.7662,             0.59271,                   0,                   0,                   0,           0.0025255,           0.0025255,           0.0025255
                 153,              1.1908,               1.279,              1.7546,             0.77651,             0.73561,             0.76367,             0.58742,                   0,                   0,                   0,            0.002476,            0.002476,            0.002476
                 154,              1.1734,              1.2439,              1.7182,             0.91051,             0.71671,             0.76819,             0.59379,                   0,                   0,                   0,           0.0024265,           0.0024265,           0.0024265
                 155,               1.185,              1.2622,              1.7283,             0.92567,             0.70917,             0.76176,             0.59966,                   0,                   0,                   0,            0.002377,            0.002377,            0.002377
                 156,              1.1805,              1.2449,              1.7393,             0.90757,             0.71515,             0.76479,             0.60547,                   0,                   0,                   0,           0.0023275,           0.0023275,           0.0023275
                 157,               1.172,              1.2493,              1.7271,             0.70755,             0.77928,             0.74937,             0.59996,                   0,                   0,                   0,            0.002278,            0.002278,            0.002278
                 158,              1.1502,              1.2574,              1.7283,             0.91158,             0.67634,             0.72974,             0.58353,                   0,                   0,                   0,           0.0022285,           0.0022285,           0.0022285
                 159,              1.1729,               1.203,              1.7291,             0.91479,                 0.7,             0.74771,             0.58149,                   0,                   0,                   0,            0.002179,            0.002179,            0.002179
                 160,              1.1647,              1.2634,              1.7289,             0.93267,             0.66147,             0.75958,             0.58958,                   0,                   0,                   0,           0.0021295,           0.0021295,           0.0021295
                 161,              1.1697,               1.253,              1.7187,              0.9382,                 0.7,             0.76497,             0.59404,                   0,                   0,                   0,             0.00208,             0.00208,             0.00208
                 162,              1.1285,              1.1985,              1.7017,             0.80449,             0.72381,             0.76402,             0.60207,                   0,                   0,                   0,           0.0020305,           0.0020305,           0.0020305
                 163,              1.1374,              1.2056,               1.706,             0.93771,             0.66802,             0.73589,             0.58689,                   0,                   0,                   0,            0.001981,            0.001981,            0.001981
                 164,              1.1111,              1.1775,              1.7016,             0.93947,             0.65556,             0.74357,              0.6021,                   0,                   0,                   0,           0.0019315,           0.0019315,           0.0019315
                 165,               1.135,              1.2101,              1.7036,              0.8997,             0.67222,             0.74332,             0.59647,                   0,                   0,                   0,            0.001882,            0.001882,            0.001882
                 166,              1.1065,              1.1766,              1.6897,             0.93392,             0.66439,             0.74514,             0.58565,                   0,                   0,                   0,           0.0018325,           0.0018325,           0.0018325
                 167,              1.1298,              1.2066,              1.7105,             0.93935,             0.65912,             0.74396,             0.60398,                   0,                   0,                   0,            0.001783,            0.001783,            0.001783
                 168,              1.1286,              1.1608,              1.6983,             0.93958,             0.66046,             0.71871,              0.5903,                   0,                   0,                   0,           0.0017335,           0.0017335,           0.0017335
                 169,              1.1215,              1.1604,              1.6777,             0.92283,             0.67222,             0.75191,              0.6162,                   0,                   0,                   0,            0.001684,            0.001684,            0.001684
                 170,              1.1085,              1.1402,              1.6783,             0.92148,             0.71667,              0.7602,             0.60264,                   0,                   0,                   0,           0.0016345,           0.0016345,           0.0016345
                 171,              1.1282,              1.1691,              1.6884,             0.94161,             0.68137,             0.74701,             0.58426,                   0,                   0,                   0,            0.001585,            0.001585,            0.001585
                 172,              1.0898,              1.1264,              1.6655,             0.90816,             0.69086,             0.74175,             0.58328,                   0,                   0,                   0,           0.0015355,           0.0015355,           0.0015355
                 173,              1.0826,              1.1135,              1.6592,             0.92033,             0.68871,             0.74657,             0.59722,                   0,                   0,                   0,            0.001486,            0.001486,            0.001486
                 174,              1.1139,              1.1802,              1.7053,             0.93746,             0.66259,             0.73929,             0.60146,                   0,                   0,                   0,           0.0014365,           0.0014365,           0.0014365
                 175,              1.1097,              1.1534,              1.6825,             0.68958,             0.75714,             0.74751,             0.59892,                   0,                   0,                   0,            0.001387,            0.001387,            0.001387
                 176,              1.0983,              1.1119,              1.6607,             0.74023,             0.72634,              0.7282,             0.60053,                   0,                   0,                   0,           0.0013375,           0.0013375,           0.0013375
                 177,              1.0732,              1.1368,              1.6658,             0.76192,              0.7127,             0.74017,             0.61599,                   0,                   0,                   0,            0.001288,            0.001288,            0.001288
                 178,              1.1013,              1.1545,               1.684,             0.94067,             0.65556,             0.72355,             0.60491,                   0,                   0,                   0,           0.0012385,           0.0012385,           0.0012385
                 179,              1.0909,              1.0877,              1.6589,             0.93382,             0.67925,             0.73913,              0.5982,                   0,                   0,                   0,            0.001189,            0.001189,            0.001189
                 180,              1.0758,              1.1361,              1.6756,             0.93897,             0.67484,             0.74403,             0.61593,                   0,                   0,                   0,           0.0011395,           0.0011395,           0.0011395
                 181,              1.0791,              1.0911,              1.6539,              0.7347,             0.72381,             0.74435,             0.61641,                   0,                   0,                   0,             0.00109,             0.00109,             0.00109
                 182,              1.0737,              1.1186,              1.6533,             0.92699,             0.69146,             0.73191,             0.60324,                   0,                   0,                   0,           0.0010405,           0.0010405,           0.0010405
                 183,              1.0543,              1.0963,              1.6406,             0.93935,             0.69885,             0.75824,               0.598,                   0,                   0,                   0,            0.000991,            0.000991,            0.000991
                 184,              1.0604,              1.1001,               1.647,             0.78455,             0.72381,             0.75044,              0.5949,                   0,                   0,                   0,           0.0009415,           0.0009415,           0.0009415
                 185,              1.0889,              1.1038,              1.6732,             0.73915,             0.72381,             0.75008,             0.59758,                   0,                   0,                   0,            0.000892,            0.000892,            0.000892
                 186,              1.0511,              1.0847,              1.6522,             0.79168,             0.71545,             0.75656,             0.61431,                   0,                   0,                   0,           0.0008425,           0.0008425,           0.0008425
                 187,              1.0404,              1.0583,              1.6277,             0.74664,             0.73934,             0.74078,             0.60596,                   0,                   0,                   0,            0.000793,            0.000793,            0.000793
                 188,              1.0589,              1.0802,              1.6465,             0.93208,             0.67695,              0.7385,             0.61135,                   0,                   0,                   0,           0.0007435,           0.0007435,           0.0007435
                 189,              1.0561,              1.1042,              1.6411,             0.74876,             0.71319,             0.75935,             0.61642,                   0,                   0,                   0,            0.000694,            0.000694,            0.000694
                 190,              1.0347,                1.08,               1.645,             0.75289,             0.72361,             0.74419,             0.59975,                   0,                   0,                   0,           0.0006445,           0.0006445,           0.0006445
                 191,              1.0222,               1.043,              1.6233,             0.76352,             0.73235,             0.73959,             0.59909,                   0,                   0,                   0,            0.000595,            0.000595,            0.000595
                 192,              1.0372,              1.0678,              1.6349,             0.94449,             0.66289,             0.74139,             0.59676,                   0,                   0,                   0,           0.0005455,           0.0005455,           0.0005455
                 193,              1.0361,              1.0657,              1.6442,             0.93947,             0.65833,             0.73056,             0.60367,                   0,                   0,                   0,            0.000496,            0.000496,            0.000496
                 194,               1.054,              1.0914,               1.643,             0.67375,             0.74534,             0.73158,             0.60092,                   0,                   0,                   0,           0.0004465,           0.0004465,           0.0004465
                 195,               1.016,              1.0405,              1.6139,             0.69455,             0.73891,             0.73323,              0.5977,                   0,                   0,                   0,            0.000397,            0.000397,            0.000397
                 196,              1.0374,              1.0834,              1.6403,             0.73535,             0.73674,             0.74699,             0.59933,                   0,                   0,                   0,           0.0003475,           0.0003475,           0.0003475
                 197,              1.0432,              1.0773,               1.643,             0.70807,             0.73626,             0.75879,             0.60726,                   0,                   0,                   0,            0.000298,            0.000298,            0.000298
                 198,             0.99869,              1.0236,              1.6126,             0.75697,             0.72989,             0.75395,             0.60274,                   0,                   0,                   0,           0.0002485,           0.0002485,           0.0002485
                 199,              1.0351,              1.0266,              1.6341,             0.77159,             0.73935,             0.75355,             0.59728,                   0,                   0,                   0,            0.000199,            0.000199,            0.000199
